-- phpMyAdmin SQL Dump
-- version 5.0.2
-- https://www.phpmyadmin.net/
--
-- Хост: 127.0.0.1:3306
-- Время создания: Сен 29 2021 г., 01:47
-- Версия сервера: 10.3.22-MariaDB
-- Версия PHP: 7.4.5

SET SQL_MODE = "NO_AUTO_VALUE_ON_ZERO";
START TRANSACTION;
SET time_zone = "+00:00";


/*!40101 SET @OLD_CHARACTER_SET_CLIENT=@@CHARACTER_SET_CLIENT */;
/*!40101 SET @OLD_CHARACTER_SET_RESULTS=@@CHARACTER_SET_RESULTS */;
/*!40101 SET @OLD_COLLATION_CONNECTION=@@COLLATION_CONNECTION */;
/*!40101 SET NAMES utf8mb4 */;

--
-- База данных: `test_curs`
--

-- --------------------------------------------------------

--
-- Структура таблицы `curses`
--

CREATE TABLE `curses` (
  `id` bigint(20) UNSIGNED NOT NULL,
  `valute_ID` varchar(10) COLLATE utf8mb4_unicode_ci NOT NULL,
  `Date` date NOT NULL,
  `Nominal` bigint(20) NOT NULL,
  `Value` decimal(10,4) NOT NULL,
  `created_at` timestamp NULL DEFAULT NULL,
  `updated_at` timestamp NULL DEFAULT NULL
) ENGINE=InnoDB DEFAULT CHARSET=utf8mb4 COLLATE=utf8mb4_unicode_ci;

--
-- Дамп данных таблицы `curses`
--

INSERT INTO `curses` (`id`, `valute_ID`, `Date`, `Nominal`, `Value`, `created_at`, `updated_at`) VALUES
(1, 'R01100', '2021-09-01', 1, '44.3089', '2021-09-28 16:22:25', '2021-09-28 16:22:25'),
(2, 'R01100', '2021-09-02', 1, '44.1842', '2021-09-28 16:22:25', '2021-09-28 16:22:25'),
(3, 'R01100', '2021-09-03', 1, '44.1269', '2021-09-28 16:22:25', '2021-09-28 16:22:25'),
(4, 'R01100', '2021-09-04', 1, '44.2535', '2021-09-28 16:22:25', '2021-09-28 16:22:25'),
(5, 'R01100', '2021-09-07', 1, '44.3300', '2021-09-28 16:22:25', '2021-09-28 16:22:25'),
(6, 'R01100', '2021-09-08', 1, '44.3958', '2021-09-28 16:22:25', '2021-09-28 16:22:25'),
(7, 'R01100', '2021-09-09', 1, '44.3866', '2021-09-28 16:22:25', '2021-09-28 16:22:25'),
(8, 'R01100', '2021-09-10', 1, '44.2321', '2021-09-28 16:22:25', '2021-09-28 16:22:25'),
(9, 'R01100', '2021-09-11', 1, '44.0783', '2021-09-28 16:22:25', '2021-09-28 16:22:25'),
(10, 'R01100', '2021-09-14', 1, '44.0425', '2021-09-28 16:22:25', '2021-09-28 16:22:25'),
(11, 'R01100', '2021-09-15', 1, '43.9591', '2021-09-28 16:22:25', '2021-09-28 16:22:25'),
(12, 'R01100', '2021-09-16', 1, '44.0167', '2021-09-28 16:22:25', '2021-09-28 16:22:25'),
(13, 'R01100', '2021-09-17', 1, '43.6185', '2021-09-28 16:22:25', '2021-09-28 16:22:25'),
(14, 'R01100', '2021-09-18', 1, '43.6925', '2021-09-28 16:22:25', '2021-09-28 16:22:25'),
(15, 'R01100', '2021-09-21', 1, '43.9006', '2021-09-28 16:22:25', '2021-09-28 16:22:25'),
(16, 'R01100', '2021-09-22', 1, '43.9021', '2021-09-28 16:22:25', '2021-09-28 16:22:25'),
(17, 'R01100', '2021-09-23', 1, '43.6855', '2021-09-28 16:22:25', '2021-09-28 16:22:25'),
(18, 'R01100', '2021-09-24', 1, '43.6050', '2021-09-28 16:22:25', '2021-09-28 16:22:25'),
(19, 'R01100', '2021-09-25', 1, '43.8014', '2021-09-28 16:22:25', '2021-09-28 16:22:25'),
(20, 'R01060', '2021-09-01', 100, '14.8622', '2021-09-28 16:22:52', '2021-09-28 16:22:52'),
(21, 'R01060', '2021-09-02', 100, '14.8506', '2021-09-28 16:22:52', '2021-09-28 16:22:52'),
(22, 'R01060', '2021-09-03', 100, '14.7587', '2021-09-28 16:22:52', '2021-09-28 16:22:52'),
(23, 'R01060', '2021-09-04', 100, '14.7616', '2021-09-28 16:22:52', '2021-09-28 16:22:52'),
(24, 'R01060', '2021-09-07', 100, '14.7844', '2021-09-28 16:22:52', '2021-09-28 16:22:52'),
(25, 'R01060', '2021-09-08', 100, '14.8280', '2021-09-28 16:22:52', '2021-09-28 16:22:52'),
(26, 'R01060', '2021-09-09', 100, '14.8985', '2021-09-28 16:22:52', '2021-09-28 16:22:52'),
(27, 'R01060', '2021-09-10', 100, '14.8320', '2021-09-28 16:22:52', '2021-09-28 16:22:52'),
(28, 'R01060', '2021-09-11', 100, '14.7511', '2021-09-28 16:22:52', '2021-09-28 16:22:52'),
(29, 'R01060', '2021-09-14', 100, '14.8349', '2021-09-28 16:22:52', '2021-09-28 16:22:52'),
(30, 'R01060', '2021-09-15', 100, '14.7514', '2021-09-28 16:22:52', '2021-09-28 16:22:52'),
(31, 'R01060', '2021-09-16', 100, '14.8620', '2021-09-28 16:22:52', '2021-09-28 16:22:52'),
(32, 'R01060', '2021-09-17', 100, '14.7057', '2021-09-28 16:22:52', '2021-09-28 16:22:52'),
(33, 'R01060', '2021-09-18', 100, '14.7315', '2021-09-28 16:22:52', '2021-09-28 16:22:52'),
(34, 'R01060', '2021-09-21', 100, '14.9199', '2021-09-28 16:22:52', '2021-09-28 16:22:52'),
(35, 'R01060', '2021-09-22', 100, '15.0653', '2021-09-28 16:22:52', '2021-09-28 16:22:52'),
(36, 'R01060', '2021-09-23', 100, '14.9982', '2021-09-28 16:22:52', '2021-09-28 16:22:52'),
(37, 'R01060', '2021-09-24', 100, '14.7799', '2021-09-28 16:22:52', '2021-09-28 16:22:52'),
(38, 'R01060', '2021-09-25', 100, '14.8345', '2021-09-28 16:22:52', '2021-09-28 16:22:52'),
(39, 'R01060', '2021-09-28', 100, '14.7791', '2021-09-28 16:22:52', '2021-09-28 16:22:52'),
(40, 'R01060', '2021-09-01', 100, '14.8622', '2021-09-28 16:23:41', '2021-09-28 16:23:41'),
(41, 'R01060', '2021-09-02', 100, '14.8506', '2021-09-28 16:23:41', '2021-09-28 16:23:41'),
(42, 'R01060', '2021-09-03', 100, '14.7587', '2021-09-28 16:23:41', '2021-09-28 16:23:41'),
(43, 'R01060', '2021-09-04', 100, '14.7616', '2021-09-28 16:23:41', '2021-09-28 16:23:41'),
(44, 'R01060', '2021-09-07', 100, '14.7844', '2021-09-28 16:23:41', '2021-09-28 16:23:41'),
(45, 'R01060', '2021-09-08', 100, '14.8280', '2021-09-28 16:23:41', '2021-09-28 16:23:41'),
(46, 'R01060', '2021-09-09', 100, '14.8985', '2021-09-28 16:23:41', '2021-09-28 16:23:41'),
(47, 'R01060', '2021-09-10', 100, '14.8320', '2021-09-28 16:23:41', '2021-09-28 16:23:41'),
(48, 'R01060', '2021-09-11', 100, '14.7511', '2021-09-28 16:23:41', '2021-09-28 16:23:41'),
(49, 'R01060', '2021-09-14', 100, '14.8349', '2021-09-28 16:23:41', '2021-09-28 16:23:41'),
(50, 'R01060', '2021-09-15', 100, '14.7514', '2021-09-28 16:23:41', '2021-09-28 16:23:41'),
(51, 'R01060', '2021-09-16', 100, '14.8620', '2021-09-28 16:23:41', '2021-09-28 16:23:41'),
(52, 'R01060', '2021-09-17', 100, '14.7057', '2021-09-28 16:23:41', '2021-09-28 16:23:41'),
(53, 'R01060', '2021-09-18', 100, '14.7315', '2021-09-28 16:23:41', '2021-09-28 16:23:41'),
(54, 'R01060', '2021-09-21', 100, '14.9199', '2021-09-28 16:23:41', '2021-09-28 16:23:41'),
(55, 'R01060', '2021-09-22', 100, '15.0653', '2021-09-28 16:23:41', '2021-09-28 16:23:41'),
(56, 'R01060', '2021-09-23', 100, '14.9982', '2021-09-28 16:23:41', '2021-09-28 16:23:41'),
(57, 'R01060', '2021-09-24', 100, '14.7799', '2021-09-28 16:23:41', '2021-09-28 16:23:41'),
(58, 'R01060', '2021-09-25', 100, '14.8345', '2021-09-28 16:23:41', '2021-09-28 16:23:41'),
(59, 'R01060', '2021-09-28', 100, '14.7791', '2021-09-28 16:23:41', '2021-09-28 16:23:41'),
(60, 'R01060', '2021-09-01', 100, '14.8622', '2021-09-28 16:29:39', '2021-09-28 16:29:39'),
(61, 'R01060', '2021-09-02', 100, '14.8506', '2021-09-28 16:29:39', '2021-09-28 16:29:39'),
(62, 'R01060', '2021-09-03', 100, '14.7587', '2021-09-28 16:29:39', '2021-09-28 16:29:39'),
(63, 'R01060', '2021-09-04', 100, '14.7616', '2021-09-28 16:29:39', '2021-09-28 16:29:39'),
(64, 'R01060', '2021-09-07', 100, '14.7844', '2021-09-28 16:29:39', '2021-09-28 16:29:39'),
(65, 'R01060', '2021-09-08', 100, '14.8280', '2021-09-28 16:29:39', '2021-09-28 16:29:39'),
(66, 'R01060', '2021-09-09', 100, '14.8985', '2021-09-28 16:29:39', '2021-09-28 16:29:39'),
(67, 'R01060', '2021-09-10', 100, '14.8320', '2021-09-28 16:29:39', '2021-09-28 16:29:39'),
(68, 'R01060', '2021-09-11', 100, '14.7511', '2021-09-28 16:29:39', '2021-09-28 16:29:39'),
(69, 'R01060', '2021-09-14', 100, '14.8349', '2021-09-28 16:29:39', '2021-09-28 16:29:39'),
(70, 'R01060', '2021-09-15', 100, '14.7514', '2021-09-28 16:29:39', '2021-09-28 16:29:39'),
(71, 'R01060', '2021-09-16', 100, '14.8620', '2021-09-28 16:29:39', '2021-09-28 16:29:39'),
(72, 'R01060', '2021-09-17', 100, '14.7057', '2021-09-28 16:29:39', '2021-09-28 16:29:39'),
(73, 'R01060', '2021-09-18', 100, '14.7315', '2021-09-28 16:29:39', '2021-09-28 16:29:39'),
(74, 'R01060', '2021-09-21', 100, '14.9199', '2021-09-28 16:29:39', '2021-09-28 16:29:39'),
(75, 'R01060', '2021-09-22', 100, '15.0653', '2021-09-28 16:29:39', '2021-09-28 16:29:39'),
(76, 'R01060', '2021-09-23', 100, '14.9982', '2021-09-28 16:29:39', '2021-09-28 16:29:39'),
(77, 'R01060', '2021-09-24', 100, '14.7799', '2021-09-28 16:29:39', '2021-09-28 16:29:39'),
(78, 'R01060', '2021-09-25', 100, '14.8345', '2021-09-28 16:29:39', '2021-09-28 16:29:39'),
(79, 'R01060', '2021-09-28', 100, '14.7791', '2021-09-28 16:29:39', '2021-09-28 16:29:39'),
(80, 'R01060', '2021-09-01', 100, '14.8622', '2021-09-28 16:30:18', '2021-09-28 16:30:18'),
(81, 'R01060', '2021-09-02', 100, '14.8506', '2021-09-28 16:30:18', '2021-09-28 16:30:18'),
(82, 'R01060', '2021-09-03', 100, '14.7587', '2021-09-28 16:30:18', '2021-09-28 16:30:18'),
(83, 'R01060', '2021-09-04', 100, '14.7616', '2021-09-28 16:30:18', '2021-09-28 16:30:18'),
(84, 'R01060', '2021-09-07', 100, '14.7844', '2021-09-28 16:30:18', '2021-09-28 16:30:18'),
(85, 'R01060', '2021-09-08', 100, '14.8280', '2021-09-28 16:30:18', '2021-09-28 16:30:18'),
(86, 'R01060', '2021-09-09', 100, '14.8985', '2021-09-28 16:30:18', '2021-09-28 16:30:18'),
(87, 'R01060', '2021-09-10', 100, '14.8320', '2021-09-28 16:30:18', '2021-09-28 16:30:18'),
(88, 'R01060', '2021-09-11', 100, '14.7511', '2021-09-28 16:30:18', '2021-09-28 16:30:18'),
(89, 'R01060', '2021-09-14', 100, '14.8349', '2021-09-28 16:30:18', '2021-09-28 16:30:18'),
(90, 'R01060', '2021-09-15', 100, '14.7514', '2021-09-28 16:30:18', '2021-09-28 16:30:18'),
(91, 'R01060', '2021-09-16', 100, '14.8620', '2021-09-28 16:30:18', '2021-09-28 16:30:18'),
(92, 'R01060', '2021-09-17', 100, '14.7057', '2021-09-28 16:30:18', '2021-09-28 16:30:18'),
(93, 'R01060', '2021-09-18', 100, '14.7315', '2021-09-28 16:30:18', '2021-09-28 16:30:18'),
(94, 'R01060', '2021-09-21', 100, '14.9199', '2021-09-28 16:30:18', '2021-09-28 16:30:18'),
(95, 'R01060', '2021-09-22', 100, '15.0653', '2021-09-28 16:30:18', '2021-09-28 16:30:18'),
(96, 'R01060', '2021-09-23', 100, '14.9982', '2021-09-28 16:30:18', '2021-09-28 16:30:18'),
(97, 'R01060', '2021-09-24', 100, '14.7799', '2021-09-28 16:30:18', '2021-09-28 16:30:18'),
(98, 'R01060', '2021-09-25', 100, '14.8345', '2021-09-28 16:30:18', '2021-09-28 16:30:18'),
(99, 'R01060', '2021-09-28', 100, '14.7791', '2021-09-28 16:30:18', '2021-09-28 16:30:18'),
(100, 'R01239', '2021-09-01', 1, '86.6660', '2021-09-28 16:37:54', '2021-09-28 16:37:54'),
(101, 'R01239', '2021-09-02', 1, '86.3949', '2021-09-28 16:37:54', '2021-09-28 16:37:54'),
(102, 'R01239', '2021-09-03', 1, '86.2970', '2021-09-28 16:37:54', '2021-09-28 16:37:54'),
(103, 'R01239', '2021-09-04', 1, '86.5366', '2021-09-28 16:37:54', '2021-09-28 16:37:54'),
(104, 'R01239', '2021-09-07', 1, '86.5743', '2021-09-28 16:37:54', '2021-09-28 16:37:54'),
(105, 'R01239', '2021-09-08', 1, '86.8922', '2021-09-28 16:37:54', '2021-09-28 16:37:54'),
(106, 'R01239', '2021-09-09', 1, '86.9114', '2021-09-28 16:37:54', '2021-09-28 16:37:54'),
(107, 'R01239', '2021-09-10', 1, '86.4677', '2021-09-28 16:37:54', '2021-09-28 16:37:54'),
(108, 'R01239', '2021-09-11', 1, '86.1478', '2021-09-28 16:37:54', '2021-09-28 16:37:54'),
(109, 'R01239', '2021-09-14', 1, '86.1150', '2021-09-28 16:37:54', '2021-09-28 16:37:54'),
(110, 'R01239', '2021-09-15', 1, '85.9880', '2021-09-28 16:37:54', '2021-09-28 16:37:54'),
(111, 'R01239', '2021-09-16', 1, '86.0674', '2021-09-28 16:37:54', '2021-09-28 16:37:54'),
(112, 'R01239', '2021-09-17', 1, '85.3622', '2021-09-28 16:37:54', '2021-09-28 16:37:54'),
(113, 'R01239', '2021-09-18', 1, '85.4614', '2021-09-28 16:37:54', '2021-09-28 16:37:54'),
(114, 'R01239', '2021-09-21', 1, '85.8785', '2021-09-28 16:37:54', '2021-09-28 16:37:54'),
(115, 'R01239', '2021-09-22', 1, '85.8568', '2021-09-28 16:37:54', '2021-09-28 16:37:54'),
(116, 'R01239', '2021-09-23', 1, '85.4889', '2021-09-28 16:37:54', '2021-09-28 16:37:54'),
(117, 'R01239', '2021-09-24', 1, '85.2040', '2021-09-28 16:37:54', '2021-09-28 16:37:54'),
(118, 'R01239', '2021-09-25', 1, '85.6823', '2021-09-28 16:37:54', '2021-09-28 16:37:54'),
(119, 'R01239', '2021-09-28', 1, '85.0355', '2021-09-28 16:37:54', '2021-09-28 16:37:54'),
(120, 'R01239', '2021-09-29', 1, '84.6752', '2021-09-28 16:37:54', '2021-09-28 16:37:54'),
(121, 'R01090B', '2021-09-01', 1, '29.2726', '2021-09-28 16:40:48', '2021-09-28 16:40:48'),
(122, 'R01090B', '2021-09-02', 1, '29.1564', '2021-09-28 16:40:48', '2021-09-28 16:40:48'),
(123, 'R01090B', '2021-09-03', 1, '28.9762', '2021-09-28 16:40:48', '2021-09-28 16:40:48'),
(124, 'R01090B', '2021-09-04', 1, '29.0419', '2021-09-28 16:40:48', '2021-09-28 16:40:48'),
(125, 'R01090B', '2021-09-07', 1, '29.0410', '2021-09-28 16:40:48', '2021-09-28 16:40:48'),
(126, 'R01090B', '2021-09-08', 1, '29.0636', '2021-09-28 16:40:48', '2021-09-28 16:40:48'),
(127, 'R01090B', '2021-09-09', 1, '29.1495', '2021-09-28 16:40:48', '2021-09-28 16:40:48'),
(128, 'R01090B', '2021-09-10', 1, '29.0333', '2021-09-28 16:40:48', '2021-09-28 16:40:48'),
(129, 'R01090B', '2021-09-11', 1, '29.1238', '2021-09-28 16:40:48', '2021-09-28 16:40:48'),
(130, 'R01090B', '2021-09-14', 1, '29.1834', '2021-09-28 16:40:48', '2021-09-28 16:40:48'),
(131, 'R01090B', '2021-09-15', 1, '29.1276', '2021-09-28 16:40:48', '2021-09-28 16:40:48'),
(132, 'R01090B', '2021-09-16', 1, '29.2426', '2021-09-28 16:40:48', '2021-09-28 16:40:48'),
(133, 'R01090B', '2021-09-17', 1, '29.1762', '2021-09-28 16:40:48', '2021-09-28 16:40:48'),
(134, 'R01090B', '2021-09-18', 1, '29.2475', '2021-09-28 16:40:48', '2021-09-28 16:40:48'),
(135, 'R01090B', '2021-09-21', 1, '29.5382', '2021-09-28 16:40:48', '2021-09-28 16:40:48'),
(136, 'R01090B', '2021-09-22', 1, '29.2429', '2021-09-28 16:40:48', '2021-09-28 16:40:48'),
(137, 'R01090B', '2021-09-23', 1, '29.0941', '2021-09-28 16:40:48', '2021-09-28 16:40:48'),
(138, 'R01090B', '2021-09-24', 1, '29.0747', '2021-09-28 16:40:48', '2021-09-28 16:40:48'),
(139, 'R01090B', '2021-09-25', 1, '29.2348', '2021-09-28 16:40:48', '2021-09-28 16:40:48'),
(140, 'R01090B', '2021-09-28', 1, '29.0622', '2021-09-28 16:40:48', '2021-09-28 16:40:48'),
(141, 'R01239', '2021-09-01', 1, '86.6660', '2021-09-28 16:40:54', '2021-09-28 16:40:54'),
(142, 'R01239', '2021-09-02', 1, '86.3949', '2021-09-28 16:40:54', '2021-09-28 16:40:54'),
(143, 'R01239', '2021-09-03', 1, '86.2970', '2021-09-28 16:40:54', '2021-09-28 16:40:54'),
(144, 'R01239', '2021-09-04', 1, '86.5366', '2021-09-28 16:40:54', '2021-09-28 16:40:54'),
(145, 'R01239', '2021-09-07', 1, '86.5743', '2021-09-28 16:40:54', '2021-09-28 16:40:54'),
(146, 'R01239', '2021-09-08', 1, '86.8922', '2021-09-28 16:40:54', '2021-09-28 16:40:54'),
(147, 'R01239', '2021-09-09', 1, '86.9114', '2021-09-28 16:40:54', '2021-09-28 16:40:54'),
(148, 'R01239', '2021-09-10', 1, '86.4677', '2021-09-28 16:40:54', '2021-09-28 16:40:54'),
(149, 'R01239', '2021-09-11', 1, '86.1478', '2021-09-28 16:40:54', '2021-09-28 16:40:54'),
(150, 'R01239', '2021-09-14', 1, '86.1150', '2021-09-28 16:40:54', '2021-09-28 16:40:54'),
(151, 'R01239', '2021-09-15', 1, '85.9880', '2021-09-28 16:40:54', '2021-09-28 16:40:54'),
(152, 'R01239', '2021-09-16', 1, '86.0674', '2021-09-28 16:40:54', '2021-09-28 16:40:54'),
(153, 'R01239', '2021-09-17', 1, '85.3622', '2021-09-28 16:40:54', '2021-09-28 16:40:54'),
(154, 'R01239', '2021-09-18', 1, '85.4614', '2021-09-28 16:40:54', '2021-09-28 16:40:54'),
(155, 'R01239', '2021-09-21', 1, '85.8785', '2021-09-28 16:40:54', '2021-09-28 16:40:54'),
(156, 'R01239', '2021-09-22', 1, '85.8568', '2021-09-28 16:40:54', '2021-09-28 16:40:54'),
(157, 'R01239', '2021-09-23', 1, '85.4889', '2021-09-28 16:40:54', '2021-09-28 16:40:54'),
(158, 'R01239', '2021-09-24', 1, '85.2040', '2021-09-28 16:40:54', '2021-09-28 16:40:54'),
(159, 'R01239', '2021-09-25', 1, '85.6823', '2021-09-28 16:40:54', '2021-09-28 16:40:54'),
(160, 'R01239', '2021-09-28', 1, '85.0355', '2021-09-28 16:40:54', '2021-09-28 16:40:54'),
(161, 'R01239', '2021-09-01', 1, '86.6660', '2021-09-28 19:00:18', '2021-09-28 19:00:18'),
(162, 'R01239', '2021-09-02', 1, '86.3949', '2021-09-28 19:00:18', '2021-09-28 19:00:18'),
(163, 'R01239', '2021-09-03', 1, '86.2970', '2021-09-28 19:00:18', '2021-09-28 19:00:18'),
(164, 'R01239', '2021-09-04', 1, '86.5366', '2021-09-28 19:00:18', '2021-09-28 19:00:18'),
(165, 'R01239', '2021-09-07', 1, '86.5743', '2021-09-28 19:00:18', '2021-09-28 19:00:18'),
(166, 'R01239', '2021-09-08', 1, '86.8922', '2021-09-28 19:00:18', '2021-09-28 19:00:18'),
(167, 'R01239', '2021-09-09', 1, '86.9114', '2021-09-28 19:00:18', '2021-09-28 19:00:18'),
(168, 'R01239', '2021-09-10', 1, '86.4677', '2021-09-28 19:00:18', '2021-09-28 19:00:18'),
(169, 'R01239', '2021-09-11', 1, '86.1478', '2021-09-28 19:00:18', '2021-09-28 19:00:18'),
(170, 'R01239', '2021-09-14', 1, '86.1150', '2021-09-28 19:00:18', '2021-09-28 19:00:18'),
(171, 'R01239', '2021-09-15', 1, '85.9880', '2021-09-28 19:00:18', '2021-09-28 19:00:18'),
(172, 'R01239', '2021-09-16', 1, '86.0674', '2021-09-28 19:00:18', '2021-09-28 19:00:18'),
(173, 'R01239', '2021-09-17', 1, '85.3622', '2021-09-28 19:00:18', '2021-09-28 19:00:18'),
(174, 'R01239', '2021-09-18', 1, '85.4614', '2021-09-28 19:00:18', '2021-09-28 19:00:18'),
(175, 'R01239', '2021-09-21', 1, '85.8785', '2021-09-28 19:00:18', '2021-09-28 19:00:18'),
(176, 'R01239', '2021-09-22', 1, '85.8568', '2021-09-28 19:00:18', '2021-09-28 19:00:18'),
(177, 'R01239', '2021-09-23', 1, '85.4889', '2021-09-28 19:00:18', '2021-09-28 19:00:18'),
(178, 'R01239', '2021-09-24', 1, '85.2040', '2021-09-28 19:00:18', '2021-09-28 19:00:18'),
(179, 'R01239', '2021-09-25', 1, '85.6823', '2021-09-28 19:00:18', '2021-09-28 19:00:18'),
(180, 'R01239', '2021-09-28', 1, '85.0355', '2021-09-28 19:00:18', '2021-09-28 19:00:18'),
(181, 'R01239', '2021-09-29', 1, '84.6752', '2021-09-28 19:00:18', '2021-09-28 19:00:18'),
(182, 'R01235', '2021-09-01', 1, '73.2781', '2021-09-28 19:00:59', '2021-09-28 19:00:59'),
(183, 'R01235', '2021-09-02', 1, '73.1912', '2021-09-28 19:00:59', '2021-09-28 19:00:59'),
(184, 'R01235', '2021-09-03', 1, '72.8491', '2021-09-28 19:00:59', '2021-09-28 19:00:59'),
(185, 'R01235', '2021-09-04', 1, '72.8545', '2021-09-28 19:00:59', '2021-09-28 19:00:59'),
(186, 'R01235', '2021-09-07', 1, '72.9538', '2021-09-28 19:00:59', '2021-09-28 19:00:59'),
(187, 'R01235', '2021-09-08', 1, '73.1909', '2021-09-28 19:00:59', '2021-09-28 19:00:59'),
(188, 'R01235', '2021-09-09', 1, '73.4421', '2021-09-28 19:00:59', '2021-09-28 19:00:59'),
(189, 'R01235', '2021-09-10', 1, '73.1290', '2021-09-28 19:00:59', '2021-09-28 19:00:59'),
(190, 'R01235', '2021-09-11', 1, '72.7600', '2021-09-28 19:00:59', '2021-09-28 19:00:59'),
(191, 'R01235', '2021-09-14', 1, '73.0841', '2021-09-28 19:00:59', '2021-09-28 19:00:59'),
(192, 'R01235', '2021-09-15', 1, '72.7171', '2021-09-28 19:00:59', '2021-09-28 19:00:59'),
(193, 'R01235', '2021-09-16', 1, '72.8520', '2021-09-28 19:00:59', '2021-09-28 19:00:59'),
(194, 'R01235', '2021-09-17', 1, '72.4329', '2021-09-28 19:00:59', '2021-09-28 19:00:59'),
(195, 'R01235', '2021-09-18', 1, '72.5602', '2021-09-28 19:00:59', '2021-09-28 19:00:59'),
(196, 'R01235', '2021-09-21', 1, '73.3315', '2021-09-28 19:00:59', '2021-09-28 19:00:59'),
(197, 'R01235', '2021-09-22', 1, '73.2067', '2021-09-28 19:00:59', '2021-09-28 19:00:59'),
(198, 'R01235', '2021-09-23', 1, '72.8806', '2021-09-28 19:00:59', '2021-09-28 19:00:59'),
(199, 'R01235', '2021-09-24', 1, '72.7245', '2021-09-28 19:00:59', '2021-09-28 19:00:59'),
(200, 'R01235', '2021-09-25', 1, '73.0081', '2021-09-28 19:00:59', '2021-09-28 19:00:59'),
(201, 'R01235', '2021-09-28', 1, '72.6613', '2021-09-28 19:00:59', '2021-09-28 19:00:59'),
(202, 'R01235', '2021-09-29', 1, '72.5083', '2021-09-28 19:00:59', '2021-09-28 19:00:59'),
(203, 'R01235', '2021-09-01', 1, '73.2781', '2021-09-28 19:01:57', '2021-09-28 19:01:57'),
(204, 'R01235', '2021-09-02', 1, '73.1912', '2021-09-28 19:01:57', '2021-09-28 19:01:57'),
(205, 'R01235', '2021-09-03', 1, '72.8491', '2021-09-28 19:01:57', '2021-09-28 19:01:57'),
(206, 'R01235', '2021-09-04', 1, '72.8545', '2021-09-28 19:01:57', '2021-09-28 19:01:57'),
(207, 'R01235', '2021-09-07', 1, '72.9538', '2021-09-28 19:01:57', '2021-09-28 19:01:57'),
(208, 'R01235', '2021-09-08', 1, '73.1909', '2021-09-28 19:01:57', '2021-09-28 19:01:57'),
(209, 'R01235', '2021-09-09', 1, '73.4421', '2021-09-28 19:01:57', '2021-09-28 19:01:57'),
(210, 'R01235', '2021-09-10', 1, '73.1290', '2021-09-28 19:01:57', '2021-09-28 19:01:57'),
(211, 'R01235', '2021-09-11', 1, '72.7600', '2021-09-28 19:01:57', '2021-09-28 19:01:57'),
(212, 'R01235', '2021-09-14', 1, '73.0841', '2021-09-28 19:01:57', '2021-09-28 19:01:57'),
(213, 'R01235', '2021-09-15', 1, '72.7171', '2021-09-28 19:01:57', '2021-09-28 19:01:57'),
(214, 'R01235', '2021-09-16', 1, '72.8520', '2021-09-28 19:01:57', '2021-09-28 19:01:57'),
(215, 'R01235', '2021-09-17', 1, '72.4329', '2021-09-28 19:01:57', '2021-09-28 19:01:57'),
(216, 'R01235', '2021-09-18', 1, '72.5602', '2021-09-28 19:01:57', '2021-09-28 19:01:57'),
(217, 'R01235', '2021-09-21', 1, '73.3315', '2021-09-28 19:01:57', '2021-09-28 19:01:57'),
(218, 'R01235', '2021-09-22', 1, '73.2067', '2021-09-28 19:01:57', '2021-09-28 19:01:57'),
(219, 'R01235', '2021-09-23', 1, '72.8806', '2021-09-28 19:01:57', '2021-09-28 19:01:57'),
(220, 'R01235', '2021-09-24', 1, '72.7245', '2021-09-28 19:01:57', '2021-09-28 19:01:57'),
(221, 'R01235', '2021-09-25', 1, '73.0081', '2021-09-28 19:01:57', '2021-09-28 19:01:57'),
(222, 'R01235', '2021-09-28', 1, '72.6613', '2021-09-28 19:01:57', '2021-09-28 19:01:57'),
(223, 'R01235', '2021-09-29', 1, '72.5083', '2021-09-28 19:01:57', '2021-09-28 19:01:57'),
(224, 'R01235', '2021-09-01', 1, '73.2781', '2021-09-28 19:02:00', '2021-09-28 19:02:00'),
(225, 'R01235', '2021-09-02', 1, '73.1912', '2021-09-28 19:02:00', '2021-09-28 19:02:00'),
(226, 'R01235', '2021-09-03', 1, '72.8491', '2021-09-28 19:02:00', '2021-09-28 19:02:00'),
(227, 'R01235', '2021-09-04', 1, '72.8545', '2021-09-28 19:02:00', '2021-09-28 19:02:00'),
(228, 'R01235', '2021-09-07', 1, '72.9538', '2021-09-28 19:02:00', '2021-09-28 19:02:00'),
(229, 'R01235', '2021-09-08', 1, '73.1909', '2021-09-28 19:02:00', '2021-09-28 19:02:00'),
(230, 'R01235', '2021-09-09', 1, '73.4421', '2021-09-28 19:02:00', '2021-09-28 19:02:00'),
(231, 'R01235', '2021-09-10', 1, '73.1290', '2021-09-28 19:02:00', '2021-09-28 19:02:00'),
(232, 'R01235', '2021-09-11', 1, '72.7600', '2021-09-28 19:02:00', '2021-09-28 19:02:00'),
(233, 'R01235', '2021-09-14', 1, '73.0841', '2021-09-28 19:02:00', '2021-09-28 19:02:00'),
(234, 'R01235', '2021-09-15', 1, '72.7171', '2021-09-28 19:02:00', '2021-09-28 19:02:00'),
(235, 'R01235', '2021-09-16', 1, '72.8520', '2021-09-28 19:02:00', '2021-09-28 19:02:00'),
(236, 'R01235', '2021-09-17', 1, '72.4329', '2021-09-28 19:02:00', '2021-09-28 19:02:00'),
(237, 'R01235', '2021-09-18', 1, '72.5602', '2021-09-28 19:02:00', '2021-09-28 19:02:00'),
(238, 'R01235', '2021-09-21', 1, '73.3315', '2021-09-28 19:02:00', '2021-09-28 19:02:00'),
(239, 'R01235', '2021-09-22', 1, '73.2067', '2021-09-28 19:02:00', '2021-09-28 19:02:00'),
(240, 'R01235', '2021-09-23', 1, '72.8806', '2021-09-28 19:02:00', '2021-09-28 19:02:00'),
(241, 'R01235', '2021-09-24', 1, '72.7245', '2021-09-28 19:02:00', '2021-09-28 19:02:00'),
(242, 'R01235', '2021-09-25', 1, '73.0081', '2021-09-28 19:02:00', '2021-09-28 19:02:00'),
(243, 'R01235', '2021-09-28', 1, '72.6613', '2021-09-28 19:02:00', '2021-09-28 19:02:00'),
(244, 'R01235', '2021-09-29', 1, '72.5083', '2021-09-28 19:02:00', '2021-09-28 19:02:00'),
(245, 'R01010', '2021-09-01', 1, '53.6982', '2021-09-28 19:11:19', '2021-09-28 19:11:19'),
(246, 'R01010', '2021-09-02', 1, '53.7516', '2021-09-28 19:11:19', '2021-09-28 19:11:19'),
(247, 'R01010', '2021-09-03', 1, '53.8136', '2021-09-28 19:11:19', '2021-09-28 19:11:19'),
(248, 'R01010', '2021-09-04', 1, '54.1527', '2021-09-28 19:11:19', '2021-09-28 19:11:19'),
(249, 'R01010', '2021-09-07', 1, '54.2630', '2021-09-28 19:11:19', '2021-09-28 19:11:19'),
(250, 'R01010', '2021-09-08', 1, '54.2125', '2021-09-28 19:11:19', '2021-09-28 19:11:19'),
(251, 'R01010', '2021-09-09', 1, '54.0167', '2021-09-28 19:11:19', '2021-09-28 19:11:19'),
(252, 'R01010', '2021-09-10', 1, '53.9692', '2021-09-28 19:11:19', '2021-09-28 19:11:19'),
(253, 'R01010', '2021-09-11', 1, '53.8642', '2021-09-28 19:11:19', '2021-09-28 19:11:19'),
(254, 'R01010', '2021-09-14', 1, '53.8118', '2021-09-28 19:11:19', '2021-09-28 19:11:19'),
(255, 'R01010', '2021-09-15', 1, '53.4180', '2021-09-28 19:11:19', '2021-09-28 19:11:19'),
(256, 'R01010', '2021-09-16', 1, '53.4005', '2021-09-28 19:11:19', '2021-09-28 19:11:19'),
(257, 'R01010', '2021-09-17', 1, '52.9774', '2021-09-28 19:11:19', '2021-09-28 19:11:19'),
(258, 'R01010', '2021-09-18', 1, '53.0996', '2021-09-28 19:11:19', '2021-09-28 19:11:19'),
(259, 'R01010', '2021-09-21', 1, '53.0553', '2021-09-28 19:11:19', '2021-09-28 19:11:19'),
(260, 'R01010', '2021-09-22', 1, '53.2432', '2021-09-28 19:11:19', '2021-09-28 19:11:19'),
(261, 'R01010', '2021-09-23', 1, '52.7801', '2021-09-28 19:11:19', '2021-09-28 19:11:19'),
(262, 'R01010', '2021-09-24', 1, '52.8998', '2021-09-28 19:11:19', '2021-09-28 19:11:19'),
(263, 'R01010', '2021-09-25', 1, '53.1426', '2021-09-28 19:11:19', '2021-09-28 19:11:19'),
(264, 'R01010', '2021-09-28', 1, '52.7812', '2021-09-28 19:11:19', '2021-09-28 19:11:19'),
(265, 'R01010', '2021-09-29', 1, '52.6845', '2021-09-28 19:11:19', '2021-09-28 19:11:19');

-- --------------------------------------------------------

--
-- Структура таблицы `failed_jobs`
--

CREATE TABLE `failed_jobs` (
  `id` bigint(20) UNSIGNED NOT NULL,
  `uuid` varchar(255) COLLATE utf8mb4_unicode_ci NOT NULL,
  `connection` text COLLATE utf8mb4_unicode_ci NOT NULL,
  `queue` text COLLATE utf8mb4_unicode_ci NOT NULL,
  `payload` longtext COLLATE utf8mb4_unicode_ci NOT NULL,
  `exception` longtext COLLATE utf8mb4_unicode_ci NOT NULL,
  `failed_at` timestamp NOT NULL DEFAULT current_timestamp()
) ENGINE=InnoDB DEFAULT CHARSET=utf8mb4 COLLATE=utf8mb4_unicode_ci;

-- --------------------------------------------------------

--
-- Структура таблицы `migrations`
--

CREATE TABLE `migrations` (
  `id` int(10) UNSIGNED NOT NULL,
  `migration` varchar(255) COLLATE utf8mb4_unicode_ci NOT NULL,
  `batch` int(11) NOT NULL
) ENGINE=InnoDB DEFAULT CHARSET=utf8mb4 COLLATE=utf8mb4_unicode_ci;

--
-- Дамп данных таблицы `migrations`
--

INSERT INTO `migrations` (`id`, `migration`, `batch`) VALUES
(1, '2014_10_12_000000_create_users_table', 1),
(2, '2014_10_12_100000_create_password_resets_table', 1),
(3, '2019_08_19_000000_create_failed_jobs_table', 1),
(4, '2019_12_14_000001_create_personal_access_tokens_table', 1),
(7, '2021_09_28_122958_create_valutes_table', 2),
(9, '2021_09_28_184708_create_curses_table', 3);

-- --------------------------------------------------------

--
-- Структура таблицы `password_resets`
--

CREATE TABLE `password_resets` (
  `email` varchar(255) COLLATE utf8mb4_unicode_ci NOT NULL,
  `token` varchar(255) COLLATE utf8mb4_unicode_ci NOT NULL,
  `created_at` timestamp NULL DEFAULT NULL
) ENGINE=InnoDB DEFAULT CHARSET=utf8mb4 COLLATE=utf8mb4_unicode_ci;

-- --------------------------------------------------------

--
-- Структура таблицы `personal_access_tokens`
--

CREATE TABLE `personal_access_tokens` (
  `id` bigint(20) UNSIGNED NOT NULL,
  `tokenable_type` varchar(255) COLLATE utf8mb4_unicode_ci NOT NULL,
  `tokenable_id` bigint(20) UNSIGNED NOT NULL,
  `name` varchar(255) COLLATE utf8mb4_unicode_ci NOT NULL,
  `token` varchar(64) COLLATE utf8mb4_unicode_ci NOT NULL,
  `abilities` text COLLATE utf8mb4_unicode_ci DEFAULT NULL,
  `last_used_at` timestamp NULL DEFAULT NULL,
  `created_at` timestamp NULL DEFAULT NULL,
  `updated_at` timestamp NULL DEFAULT NULL
) ENGINE=InnoDB DEFAULT CHARSET=utf8mb4 COLLATE=utf8mb4_unicode_ci;

-- --------------------------------------------------------

--
-- Структура таблицы `users`
--

CREATE TABLE `users` (
  `id` bigint(20) UNSIGNED NOT NULL,
  `name` varchar(255) COLLATE utf8mb4_unicode_ci NOT NULL,
  `email` varchar(255) COLLATE utf8mb4_unicode_ci NOT NULL,
  `email_verified_at` timestamp NULL DEFAULT NULL,
  `password` varchar(255) COLLATE utf8mb4_unicode_ci NOT NULL,
  `remember_token` varchar(100) COLLATE utf8mb4_unicode_ci DEFAULT NULL,
  `created_at` timestamp NULL DEFAULT NULL,
  `updated_at` timestamp NULL DEFAULT NULL
) ENGINE=InnoDB DEFAULT CHARSET=utf8mb4 COLLATE=utf8mb4_unicode_ci;

-- --------------------------------------------------------

--
-- Структура таблицы `valutes`
--

CREATE TABLE `valutes` (
  `ID` varchar(10) COLLATE utf8mb4_unicode_ci NOT NULL,
  `EngName` varchar(255) COLLATE utf8mb4_unicode_ci NOT NULL,
  `Name` varchar(255) COLLATE utf8mb4_unicode_ci NOT NULL,
  `Nominal` varchar(255) COLLATE utf8mb4_unicode_ci NOT NULL,
  `ParentCode` varchar(10) COLLATE utf8mb4_unicode_ci NOT NULL,
  `created_at` timestamp NULL DEFAULT NULL,
  `updated_at` timestamp NULL DEFAULT NULL
) ENGINE=InnoDB DEFAULT CHARSET=utf8mb4 COLLATE=utf8mb4_unicode_ci;

--
-- Дамп данных таблицы `valutes`
--

INSERT INTO `valutes` (`ID`, `EngName`, `Name`, `Nominal`, `ParentCode`, `created_at`, `updated_at`) VALUES
('R01010', 'Australian Dollar', 'Австралийский доллар', '1', 'R01010    ', '2021-09-28 10:50:05', '2021-09-28 10:50:05'),
('R01015', 'Austrian Shilling', 'Австрийский шиллинг', '1000', 'R01015    ', '2021-09-28 10:50:05', '2021-09-28 10:50:05'),
('R01020A', 'Azerbaijan Manat', 'Азербайджанский манат', '1', 'R01020    ', '2021-09-28 10:50:05', '2021-09-28 10:50:05'),
('R01035', 'British Pound Sterling', 'Фунт стерлингов Соединенного королевства', '1', 'R01035    ', '2021-09-28 10:50:05', '2021-09-28 10:50:05'),
('R01040F', 'Angolan new Kwanza', 'Ангольская новая кванза', '100000', 'R01040    ', '2021-09-28 10:50:05', '2021-09-28 10:50:05'),
('R01060', 'Armenia Dram', 'Армянский драм', '1000', 'R01060    ', '2021-09-28 10:50:05', '2021-09-28 10:50:05'),
('R01090B', 'Belarussian Ruble', 'Белорусский рубль', '1', 'R01090    ', '2021-09-28 10:50:05', '2021-09-28 10:50:05'),
('R01095', 'Belgium Franc', 'Бельгийский франк', '1000', 'R01095    ', '2021-09-28 10:50:05', '2021-09-28 10:50:05'),
('R01100', 'Bulgarian lev', 'Болгарский лев', '1', 'R01100    ', '2021-09-28 10:50:05', '2021-09-28 10:50:05'),
('R01115', 'Brazil Real', 'Бразильский реал', '1', 'R01115    ', '2021-09-28 10:50:05', '2021-09-28 10:50:05'),
('R01135', 'Hungarian Forint', 'Венгерский форинт', '100', 'R01135    ', '2021-09-28 10:50:05', '2021-09-28 10:50:05'),
('R01200', 'Hong Kong Dollar', 'Гонконгский доллар', '10', 'R01200    ', '2021-09-28 10:50:05', '2021-09-28 10:50:05'),
('R01205', 'Greek Drachma', 'Греческая драхма', '10000', 'R01205    ', '2021-09-28 10:50:05', '2021-09-28 10:50:05'),
('R01215', 'Danish Krone', 'Датская крона', '10', 'R01215    ', '2021-09-28 10:50:05', '2021-09-28 10:50:05'),
('R01235', 'US Dollar', 'Доллар США', '1', 'R01235    ', '2021-09-28 10:50:05', '2021-09-28 10:50:05'),
('R01239', 'Euro', 'Евро', '1', 'R01239    ', '2021-09-28 10:50:05', '2021-09-28 10:50:05'),
('R01270', 'Indian Rupee', 'Индийская рупия', '100', 'R01270    ', '2021-09-28 10:50:05', '2021-09-28 10:50:05'),
('R01305', 'Irish Pound', 'Ирландский фунт', '100', 'R01305    ', '2021-09-28 10:50:05', '2021-09-28 10:50:05'),
('R01310', 'Iceland Krona', 'Исландская крона', '10000', 'R01310    ', '2021-09-28 10:50:05', '2021-09-28 10:50:05'),
('R01315', 'Spanish Peseta', 'Испанская песета', '10000', 'R01315    ', '2021-09-28 10:50:05', '2021-09-28 10:50:05'),
('R01325', 'Italian Lira', 'Итальянская лира', '100000', 'R01325    ', '2021-09-28 10:50:05', '2021-09-28 10:50:05'),
('R01335', 'Kazakhstan Tenge', 'Казахстанский тенге', '100', 'R01335    ', '2021-09-28 10:50:05', '2021-09-28 10:50:05'),
('R01350', 'Canadian Dollar', 'Канадский доллар', '1', 'R01350    ', '2021-09-28 10:50:05', '2021-09-28 10:50:05'),
('R01370', 'Kyrgyzstan Som', 'Киргизский сом', '100', 'R01370    ', '2021-09-28 10:50:05', '2021-09-28 10:50:05'),
('R01375', 'China Yuan', 'Китайский юань', '10', 'R01375    ', '2021-09-28 10:50:05', '2021-09-28 10:50:05'),
('R01390', 'Kuwaiti Dinar', 'Кувейтский динар', '10', 'R01390    ', '2021-09-28 10:50:05', '2021-09-28 10:50:05'),
('R01405', 'Latvian Lat', 'Латвийский лат', '1', 'R01405    ', '2021-09-28 10:50:05', '2021-09-28 10:50:05'),
('R01420', 'Lebanese Pound', 'Ливанский фунт', '100000', 'R01420    ', '2021-09-28 10:50:05', '2021-09-28 10:50:05'),
('R01435', 'Lithuanian Lita', 'Литовский лит', '1', 'R01435    ', '2021-09-28 10:50:05', '2021-09-28 10:50:05'),
('R01436', 'Lithuanian talon', 'Литовский талон', '1', 'R01435    ', '2021-09-28 10:50:05', '2021-09-28 10:50:05'),
('R01500', 'Moldova Lei', 'Молдавский лей', '10', 'R01500    ', '2021-09-28 10:50:05', '2021-09-28 10:50:05'),
('R01510', 'Deutsche Mark', 'Немецкая марка', '1', 'R01510    ', '2021-09-28 10:50:05', '2021-09-28 10:50:05'),
('R01510A', 'Deutsche Mark', 'Немецкая марка', '100', 'R01510    ', '2021-09-28 10:50:05', '2021-09-28 10:50:05'),
('R01523', 'Netherlands Gulden', 'Нидерландский гульден', '100', 'R01523    ', '2021-09-28 10:50:05', '2021-09-28 10:50:05'),
('R01535', 'Norwegian Krone', 'Норвежская крона', '10', 'R01535    ', '2021-09-28 10:50:05', '2021-09-28 10:50:05'),
('R01565', 'Polish Zloty', 'Польский злотый', '1', 'R01565    ', '2021-09-28 10:50:05', '2021-09-28 10:50:05'),
('R01570', 'Portuguese Escudo', 'Португальский эскудо', '10000', 'R01570    ', '2021-09-28 10:50:05', '2021-09-28 10:50:05'),
('R01585', 'Romanian Leu', 'Румынский лей', '10000', 'R01585    ', '2021-09-28 10:50:05', '2021-09-28 10:50:05'),
('R01585F', 'Romanian Leu', 'Румынский лей', '10', 'R01585    ', '2021-09-28 10:50:05', '2021-09-28 10:50:05'),
('R01589', 'SDR', 'СДР (специальные права заимствования)', '1', 'R01589    ', '2021-09-28 10:50:06', '2021-09-28 10:50:06'),
('R01625', 'Singapore Dollar', 'Сингапурский доллар', '1', 'R01625    ', '2021-09-28 10:50:06', '2021-09-28 10:50:06'),
('R01665A', 'Surinam Dollar', 'Суринамский доллар', '1', 'R01665    ', '2021-09-28 10:50:06', '2021-09-28 10:50:06'),
('R01670', 'Tajikistan Ruble', 'Таджикский сомони', '10', 'R01670    ', '2021-09-28 10:50:06', '2021-09-28 10:50:06'),
('R01670B', 'Tajikistan Ruble', 'Таджикский рубл', '10', 'R01670    ', '2021-09-28 10:50:06', '2021-09-28 10:50:06'),
('R01700J', 'Turkish Lira', 'Турецкая лира', '1', 'R01700    ', '2021-09-28 10:50:06', '2021-09-28 10:50:06'),
('R01710', 'Turkmenistan Manat', 'Туркменский манат', '10000', 'R01710    ', '2021-09-28 10:50:06', '2021-09-28 10:50:06'),
('R01710A', 'New Turkmenistan Manat', 'Новый туркменский манат', '1', 'R01710    ', '2021-09-28 10:50:06', '2021-09-28 10:50:06'),
('R01717', 'Uzbekistan Sum', 'Узбекский сум', '1000', 'R01717    ', '2021-09-28 10:50:06', '2021-09-28 10:50:06'),
('R01720', 'Ukrainian Hryvnia', 'Украинская гривна', '10', 'R01720    ', '2021-09-28 10:50:06', '2021-09-28 10:50:06'),
('R01720A', 'Ukrainian Hryvnia', 'Украинский карбованец', '1', 'R01720    ', '2021-09-28 10:50:06', '2021-09-28 10:50:06'),
('R01740', 'Finnish Marka', 'Финляндская марка', '100', 'R01740    ', '2021-09-28 10:50:06', '2021-09-28 10:50:06'),
('R01750', 'French Franc', 'Французский франк', '1000', 'R01750    ', '2021-09-28 10:50:06', '2021-09-28 10:50:06'),
('R01760', 'Czech Koruna', 'Чешская крона', '10', 'R01760    ', '2021-09-28 10:50:06', '2021-09-28 10:50:06'),
('R01770', 'Swedish Krona', 'Шведская крона', '10', 'R01770    ', '2021-09-28 10:50:06', '2021-09-28 10:50:06'),
('R01775', 'Swiss Franc', 'Швейцарский франк', '1', 'R01775    ', '2021-09-28 10:50:06', '2021-09-28 10:50:06'),
('R01790', 'ECU', 'ЭКЮ', '1', 'R01790    ', '2021-09-28 10:50:06', '2021-09-28 10:50:06'),
('R01795', 'Estonian Kroon', 'Эстонская крона', '10', 'R01795    ', '2021-09-28 10:50:06', '2021-09-28 10:50:06'),
('R01805', 'Yugoslavian Dinar', 'Югославский новый динар', '1', 'R01804    ', '2021-09-28 10:50:06', '2021-09-28 10:50:06'),
('R01810', 'S.African Rand', 'Южноафриканский рэнд', '10', 'R01810    ', '2021-09-28 10:50:06', '2021-09-28 10:50:06'),
('R01815', 'South Korean Won', 'Вон Республики Корея', '1000', 'R01815    ', '2021-09-28 10:50:06', '2021-09-28 10:50:06'),
('R01820', 'Japanese Yen', 'Японская иена', '100', 'R01820    ', '2021-09-28 10:50:06', '2021-09-28 10:50:06');

--
-- Индексы сохранённых таблиц
--

--
-- Индексы таблицы `curses`
--
ALTER TABLE `curses`
  ADD PRIMARY KEY (`id`),
  ADD KEY `curses_valute_ID_foreign` (`valute_ID`) USING BTREE;

--
-- Индексы таблицы `failed_jobs`
--
ALTER TABLE `failed_jobs`
  ADD PRIMARY KEY (`id`),
  ADD UNIQUE KEY `failed_jobs_uuid_unique` (`uuid`);

--
-- Индексы таблицы `migrations`
--
ALTER TABLE `migrations`
  ADD PRIMARY KEY (`id`);

--
-- Индексы таблицы `password_resets`
--
ALTER TABLE `password_resets`
  ADD KEY `password_resets_email_index` (`email`);

--
-- Индексы таблицы `personal_access_tokens`
--
ALTER TABLE `personal_access_tokens`
  ADD PRIMARY KEY (`id`),
  ADD UNIQUE KEY `personal_access_tokens_token_unique` (`token`),
  ADD KEY `personal_access_tokens_tokenable_type_tokenable_id_index` (`tokenable_type`,`tokenable_id`);

--
-- Индексы таблицы `users`
--
ALTER TABLE `users`
  ADD PRIMARY KEY (`id`),
  ADD UNIQUE KEY `users_email_unique` (`email`);

--
-- AUTO_INCREMENT для сохранённых таблиц
--

--
-- AUTO_INCREMENT для таблицы `curses`
--
ALTER TABLE `curses`
  MODIFY `id` bigint(20) UNSIGNED NOT NULL AUTO_INCREMENT, AUTO_INCREMENT=266;

--
-- AUTO_INCREMENT для таблицы `failed_jobs`
--
ALTER TABLE `failed_jobs`
  MODIFY `id` bigint(20) UNSIGNED NOT NULL AUTO_INCREMENT;

--
-- AUTO_INCREMENT для таблицы `migrations`
--
ALTER TABLE `migrations`
  MODIFY `id` int(10) UNSIGNED NOT NULL AUTO_INCREMENT, AUTO_INCREMENT=10;

--
-- AUTO_INCREMENT для таблицы `personal_access_tokens`
--
ALTER TABLE `personal_access_tokens`
  MODIFY `id` bigint(20) UNSIGNED NOT NULL AUTO_INCREMENT;

--
-- AUTO_INCREMENT для таблицы `users`
--
ALTER TABLE `users`
  MODIFY `id` bigint(20) UNSIGNED NOT NULL AUTO_INCREMENT;
COMMIT;

/*!40101 SET CHARACTER_SET_CLIENT=@OLD_CHARACTER_SET_CLIENT */;
/*!40101 SET CHARACTER_SET_RESULTS=@OLD_CHARACTER_SET_RESULTS */;
/*!40101 SET COLLATION_CONNECTION=@OLD_COLLATION_CONNECTION */;
